383,Ff4fRgnuFgQ,"Mark Zuckerberg: Future of AI at Meta, Facebook, Instagram, and WhatsApp | Lex Fridman Podcast #383"
382,8TmV6KEYkK0,"Bert Kreischer: Comedy, Drinking, Rogan, Segura, Churchill & Kim Jong Un | Lex Fridman Podcast #382"
381,pdJQ8iVTwj8,Chris Lattner: Future of Programming and AI | Lex Fridman Podcast #381
380,YDjOS0VHEr4,Neil Gershenfeld: Self-Replicating Robots and the Future of Fabrication | Lex Fridman Podcast #380
379,iFXGpKf9VBU,"Randall Kennedy: The N-Word - History of Race, Law, Politics, and Power | Lex Fridman Podcast #379"
378,IQnUa5Bq5x4,"Anna Frebel: Origin and Evolution of the Universe, Galaxies, and Stars | Lex Fridman Podcast #378"
377,DgTjSrrf6GQ,Harvey Silverglate: Freedom of Speech | Lex Fridman Podcast #377
376,PdE-waSx-d8,"Stephen Wolfram: ChatGPT and the Nature of Truth, Reality & Computation | Lex Fridman Podcast #376"
375,2i31fDkaK9A,"David Pakman: Politics of Trump, Biden, Bernie, AOC, Socialism & Wokeism | Lex Fridman Podcast #375"
374,cLVdsZ3I5os,Robert Playter: Boston Dynamics CEO on Humanoid and Legged Robotics | Lex Fridman Podcast #374
373,wMavKrA-4do,Manolis Kellis: Evolution of Human Civilization and Superintelligent AI | Lex Fridman Podcast #373
372,OgIo36F6Fsg,"Simone Giertz: Queen of Sh*tty Robots, Innovative Engineering, and Design | Lex Fridman Podcast #372"
371,VcVfceTsD0A,Max Tegmark: The Case for Halting AI Development | Lex Fridman Podcast #371
370,Osh0-J3T2nY,"Edward Frenkel: Reality is a Paradox - Mathematics, Physics, Truth & Love | Lex Fridman Podcast #370"
369,gPfriiHBBek,"Paul Rosolie: Amazon Jungle, Uncontacted Tribes, Anacondas, and Ayahuasca | Lex Fridman Podcast #369"
368,AaTRHFaaPG8,Eliezer Yudkowsky: Dangers of AI and the End of Human Civilization | Lex Fridman Podcast #368
367,L_Guz73e6fw,"Sam Altman: OpenAI CEO on GPT-4, ChatGPT, and the Future of AI | Lex Fridman Podcast #367"
366,qtOKrG_wK5A,"Shannon Curry: Johnny Depp & Amber Heard Trial, Marriage, Dating & Love | Lex Fridman Podcast #366"
365,Qyrjgf-_Vdk,"Sam Harris: Trump, Pandemic, Twitter, Elon, Bret, IDW, Kanye, AI & UFOs | Lex Fridman Podcast #365"
364,8EguLJgkc54,Chris Voss: FBI Hostage Negotiator | Lex Fridman Podcast #364
363,hLZ6PACCBy8,"B-Team Jiu Jitsu: Craig Jones, Nicky Rod, and Nicky Ryan | Lex Fridman Podcast #363"
362,XiCxj-bXu5M,"Ginni Rometty: IBM CEO on Leadership, Power, and Adversity | Lex Fridman Podcast #362"
361,J1lN9zkK_k0,Aaron Smith-Levin: Scientology | Lex Fridman Podcast #361
360,GkZz2I6sK08,"Tim Urban: Tribalism, Marxism, Liberalism, Social Justice, and Politics | Lex Fridman Podcast #360"
359,y3cw_9ELpQw,"Andrew Strominger: Black Holes, Quantum Gravity, and Theoretical Physics | Lex Fridman Podcast #359"
358,cFSrxSBrgSc,"Aella: Sex Work, OnlyFans, Porn, Escorting, Dating, and Human Sexuality | Lex Fridman Podcast #358"
357,jRBksDVs4tg,"Paul Conti: Narcissism, Sociopathy, Envy, and the Nature of Good and Evil | Lex Fridman Podcast #357"
356,5eK5A_43pkE,"Tim Dodd: SpaceX, Starship, Rocket Engines, and Future of Space Travel | Lex Fridman Podcast #356"
355,uZN5xjoS6TU,David Kipping: Alien Civilizations and Habitable Worlds | Lex Fridman Podcast #355
354,GvX-heRWFfA,"Jeremi Suri: Civil War, Slavery, Freedom, and Democracy | Lex Fridman Podcast #354"
353,aJoRMFWn2Jk,Dennis Whyte: Nuclear Fusion and the Future of Energy | Lex Fridman Podcast #353
352,BOKCNUqbpH0,Omar Suleiman: Islam | Lex Fridman Podcast #352
351,Z3_PwvvfxIU,"MrBeast: Future of YouTube, Twitter, TikTok, and Instagram | Lex Fridman Podcast #351"
350,NXU_M4030nE,"Betül Kaçar: Origin of Life, Ancient DNA, Panspermia, and Aliens | Lex Fridman Podcast #350"
349,pNlfHgHJweQ,Bhaskar Sunkara: Socialism and Communism | Lex Fridman Podcast #349
348,yyBosLx7bbM,Nathalie Cabrol: Search for Alien Life | Lex Fridman Podcast #348
347,NUkXluf3OYA,Michael Malice: Christmas Special | Lex Fridman Podcast #347
346,9PIOoJMMptA,Ed Calderon: Mexican Drug Cartels | Lex Fridman Podcast #346
345,hi9Rf0oLdHk,"Coffeezilla: SBF, FTX, Fraud, Scams, Fake Gurus, Money, Fame, and Power | Lex Fridman Podcast #345"
344,2oHH4aClJQs,Noam Brown: AI vs Humans in Poker and Games of Strategic Negotiation | Lex Fridman Podcast #344
343,FhfmGM6hswI,Roger Gracie: Greatest Jiu Jitsu Competitor of All Time | Lex Fridman Podcast #343
342,H9AAnV59ddE,"Todd Howard: Skyrim, Elder Scrolls 6, Fallout, and Starfield | Lex Fridman Podcast #342"
341,-DVyjdw4t9I,Guido van Rossum: Python and the Future of Programming | Lex Fridman Podcast #341
340,4KiO8GRgwDk,Chris Tarbell: FBI Agent Who Took Down Silk Road | Lex Fridman Podcast #340
339,5Gk9gIpGvSE,Climate Change Debate: Bjørn Lomborg and Andrew Revkin | Lex Fridman Podcast #339
338,kFQUDCgMjRc,"Chamath Palihapitiya: Money, Success, Startups, Energy, Poker & Happiness | Lex Fridman Podcast #338"
337,bqeuFiAUU4o,"Destiny: Politics, Free Speech, Controversy, Sex, War, and Relationships | Lex Fridman Podcast #337"
336,AF8DOS4C2KM,"Ben Shapiro: Politics, Kanye, Trump, Biden, Hitler, Extremism, and War | Lex Fridman Podcast #336"
335,vNhSCF9i8Qs,Fiona Hill: Vladimir Putin and Donald Trump | Lex Fridman Podcast #335
334,OYsYgzzsdT0,"Abbas Amanat: Iran Protests, Mahsa Amini, History, CIA & Nuclear Weapons | Lex Fridman Podcast #334"
333,cdiD-9MMpb0,"Andrej Karpathy: Tesla AI, Self-Driving, Optimus, Aliens, and AGI | Lex Fridman Podcast #333"
332,4AWLcxTGZPA,Kanye 'Ye' West Interview | Lex Fridman Podcast #332
331,VeH7qKZr0WI,"Balaji Srinivasan: How to Fix Government, Twitter, Science, and the FDA | Lex Fridman Podcast #331"
330,oJNvxYEcVAY,"Hikaru Nakamura: Chess, Magnus, Kasparov, and the Psychology of Greatness | Lex Fridman Podcast #330"
329,ZFntEFXKDHM,"Kate Darling: Social Robots, Ethics, Privacy and the Future of MIT | Lex Fridman Podcast #329"
328,iZRbD7q1n-U,"John Danaher: Grappling, Jiu Jitsu, ADCC, and Animal Combat | Lex Fridman Podcast #328"
327,iSMpTmibeDw,"GothamChess: Hans Niemann, Magnus Carlsen, Cheating Scandal & Chess Bots | Lex Fridman Podcast #327"
326,q6zEzZCtkXw,"Annaka Harris: Free Will, Consciousness, and the Nature of Reality | Lex Fridman Podcast #326"
325,p3lsYlod5OU,"Michael Levin: Biology, Life, Aliens, Evolution, Embryogenesis & Xenobots | Lex Fridman Podcast #325"
324,rKnoNfajUgM,Daniel Negreanu: Poker | Lex Fridman Podcast #324
323,xewD1apJNhw,"Will Sasso: Comedy, MADtv, AI, Friendship, Madness, and Pro Wrestling | Lex Fridman Podcast #323"
322,36_rM7wpN5A,"Rana el Kaliouby: Emotion AI, Social Robots, and Self-Driving Cars | Lex Fridman Podcast #322"
321,ykY69lSpDdo,"Ray Kurzweil: Singularity, Superintelligence, and Immortality | Lex Fridman Podcast #321"
320,SK4kMPmgKW0,"Christopher Capozzola: World War I, Ideology, Propaganda, and Politics | Lex Fridman Podcast #320"
319,srUlKNLZTas,"Botez Sisters: Chess, Streaming, and Fame | Lex Fridman Podcast #319"
318,tOtdJcco3YM,"Nick Lane: Origin of Life, Evolution, Aliens, Biology, and Consciousness | Lex Fridman Podcast #318"
317,yImlXr5Tr8g,"John Vervaeke: Meaning Crisis, Atheism, Religion & the Search for Wisdom | Lex Fridman Podcast #317"
316,7uHGlfeCBbE,"Noam Chomsky: Putin, Ukraine, China, and Nuclear War | Lex Fridman Podcast #316"
315,0ZO28NtkwwQ,Magnus Carlsen: Greatest Chess Player of All Time | Lex Fridman Podcast #315
314,eF-E40pxxbI,"Liv Boeree: Poker, Game Theory, AI, Simulation, Aliens & Existential Risk | Lex Fridman Podcast #314"
313,sY8aFSY2zv4,"Jordan Peterson: Life, Death, Power, Fame, and Meaning | Lex Fridman Podcast #313"
312,jdIyNMkusLE,"Duncan Trussell: Comedy, Sentient Robots, Suffering, Love & Burning Man | Lex Fridman Podcast #312"
311,Q6tDV3BhrcM,"Magatte Wade: Africa, Capitalism, Communism, and the Future of Humanity | Lex Fridman Podcast #311"
310,T3FC7qIAGZk,Andrew Bustamante: CIA Spy | Lex Fridman Podcast #310
309,I845O57ZSy4,"John Carmack: Doom, Quake, VR, AGI, Programming, Video Games, and Rockets | Lex Fridman Podcast #309"
308,qLDp-aYnR1Y,"Ryan Graves: UFOs, Fighter Jets, and Aliens | Lex Fridman Podcast #308"
307,VBPTFlpv31k,"Brian Armstrong: Coinbase, Cryptocurrency, and Government Regulation | Lex Fridman Podcast #307"
306,aGBLRlLe7X8,Oriol Vinyals: Deep Learning and Artificial General Intelligence | Lex Fridman Podcast #306
305,50r-5ULcWgY,"Martin Rees: Black Holes, Alien Life, Dark Matter, and the Big Bang | Lex Fridman Podcast #305"
304,WgytXF0SPh0,Bishop Robert Barron: Christianity and the Catholic Church | Lex Fridman Podcast #304
303,1XGiTDWfdpM,"Steve Keen: Marxism, Capitalism, and Economics | Lex Fridman Podcast #303"
302,hppbxV9C63g,"Richard Haier: IQ Tests, Human Intelligence, and Group Differences | Lex Fridman Podcast #302"
301,dSVLjAdo8UA,Jack Barsky: KGB Spy | Lex Fridman Podcast #301
300,gk4tEO4jDUM,"Joe Rogan: Comedy, Controversy, Aliens, UFOs, Putin, CIA, and Freedom | Lex Fridman Podcast #300"
299,Gfr50f6ZBvo,"Demis Hassabis: DeepMind - AI, Superintelligence & the Future of Humanity | Lex Fridman Podcast #299"
298,j4PEu4sVD40,Susan Cain: The Power of Introverts and Loneliness | Lex Fridman Podcast #298
297,XOPO9J7DIXw,Jonathan Reisman: The Human Body - From Sex & Sperm to Hands & Heart | Lex Fridman Podcast #297
296,EG7I6Bt_NZY,"Douglas Murray: Racism, Marxism, and the War on the West | Lex Fridman Podcast #296"
295,o0Bi-q89j5Y,Richard Wolff: Marxism and Communism | Lex Fridman Podcast #295
294,4oDZyOf6CW4,"Tony Fadell: iPhone, iPod, Nest, Steve Jobs, Design, and Engineering | Lex Fridman Podcast #294"
293,reYdQYZ9Rj4,Donald Hoffman: Reality is an Illusion - How Evolution Hid the Truth | Lex Fridman Podcast #293
292,KBZP4rLk6bk,"Robin Hanson: Alien Civilizations, UFOs, and the Future of Humanity | Lex Fridman Podcast #292"
290,jvGZkf87aCs,Dan Reynolds: Imagine Dragons | Lex Fridman Podcast #290
289,2a7CDKqWcZ0,"Stephen Kotkin: Putin, Stalin, Hitler, Zelenskyy, and War in Ukraine | Lex Fridman Podcast #289"
288,iZjby1LkTWQ,"Sarma Melngailis: Bad Vegan, Fraud, Prison, and Sociopathy | Lex Fridman Podcast #288"
286,ygAqYC8JOQI,Oliver Stone: Vladimir Putin and War in Ukraine | Lex Fridman Podcast #286
285,YbJZnShMQAo,"Glenn Loury: Race, Racism, Identity Politics, and Cancel Culture | Lex Fridman Podcast #285"
284,gp4U5aH_T6A,"Saifedean Ammous: Bitcoin, Anarchy, and Austrian Economics | Lex Fridman Podcast #284"
281,KOwm7GUjcg8,"Grimes: Music, AI, and the Future of Humanity | Lex Fridman Podcast #281"
280,KMgPxVnKLSk,Cristiano Amon: Qualcomm CEO | Lex Fridman Podcast #280
279,SFxIazwNP_0,Alien Debate: Sara Walker and Lee Cronin | Lex Fridman Podcast #279
278,dHTgffkpeYo,"Skye Fitzgerald: Hunger, War, and Human Suffering | Lex Fridman Podcast #278"
277,lvh3g7eszVQ,"Andrew Huberman: Focus, Stress, Relationships, and Friendship | Lex Fridman Podcast #277"
276,mC43pZkpTec,"Michael Saylor: Bitcoin, Inflation, and the Future of Money | Lex Fridman Podcast #276"
275,H_szemxPcTI,Rick Rubin: Legendary Music Producer | Lex Fridman Podcast #275
274,OaeYUm06in0,"Karl Deisseroth: Depression, Schizophrenia, and Psychiatry | Lex Fridman Podcast #274"
273,DbXjoXnIxQo,Chris Blattman: War and Violence | Lex Fridman Podcast #273
272,cC1LFC0KFSw,Brett Johnson: US Most Wanted Cybercriminal | Lex Fridman Podcast #272
271,KW8Vjs84Fxg,Ariel Ekblaw: Space Colonization and Self-Assembling Space Megastructures | Lex Fridman Podcast #271
270,urdNsyZBqhQ,David Wolpe: Judaism | Lex Fridman Podcast #270
269,ZecQ64l-gKM,"Lee Cronin: Origin of Life, Aliens, Complexity, and Consciousness | Lex Fridman Podcast #269"
267,5zOHSysMmH0,"Mark Zuckerberg: Meta, Facebook, Instagram, and the Metaverse | Lex Fridman Podcast #267"
266,hy2G3PhGm-g,Nicole Perlroth: Cybersecurity and the Weapons of Cyberwar | Lex Fridman Podcast #266
265,nvBEXXnNaNQ,Devon Larratt: Arm Wrestling | Lex Fridman Podcast #265
264,0Jd7fJgFkPU,"Tim Urban: Elon Musk, Neuralink, AI, Aliens, and the Future of Humanity | Lex Fridman Podcast #264"
263,arrokG3wCdE,John Abramson: Big Pharma | Lex Fridman Podcast #263
262,uTCc2-1tbBQ,Garry Nolan: UFOs and Aliens | Lex Fridman Podcast #262
261,BCdV6BMMpOo,"Philip Goff: Consciousness, Panpsychism, and the Philosophy of Mind | Lex Fridman Podcast #261"
260,KdmDtqB46Jc,"Georges St-Pierre, John Danaher & Gordon Ryan: The Greatest of All Time | Lex Fridman Podcast #260"
259,3Z7WimACqG8,Thomas Tull: From Batman Dark Knight Trilogy to AI and The Rolling Stones | Lex Fridman Podcast #259
258,SGzMElJ11Cc,Yann LeCun: Dark Matter of Intelligence and Self-Supervised Learning | Lex Fridman Podcast #258
257,nhGwJLXzHs8,"Brian Keating: Cosmology, Astrophysics, Aliens & Losing the Nobel Prize | Lex Fridman Podcast #257"
256,Q24cpnHzx8I,Nationalism Debate: Yaron Brook and Yoram Hazony | Lex Fridman Podcast #256
255,WzsivT_Ap1w,Mark Normand: Comedy! | Lex Fridman Podcast #255
254,oIOGUYOPAsA,Jay Bhattacharya: The Case Against Lockdowns | Lex Fridman Podcast #254
253,B2tXN7ZnSfU,Michael Malice: New Year's Special | Lex Fridman Podcast #253
252,DxREm3s1scA,"Elon Musk: SpaceX, Mars, Tesla Autopilot, Self-Driving, Robotics, and AI | Lex Fridman Podcast #252"
251,TISMidxdZoc,"Ray Dalio: Money, Power, and the Collapse of Empires | Lex Fridman Podcast #251"
250,X0-SXS6zdEQ,"Peter Wang: Python and the Source Code of Humans, Computers, and Reality | Lex Fridman Podcast #250"
249,Z_LhPMhkEdw,Albert Bourla: Pfizer CEO | Lex Fridman Podcast #249
248,Vrz8YDl9CeA,"Norman Naimark: Genocide, Stalin, Hitler, Mao, and Absolute Power | Lex Fridman Podcast #248"
247,K78jqx9fx2I,Jamie Metzl: Lab Leak Theory | Lex Fridman Podcast #247
246,nDDJFvuFXdc,Peter Woit: Theories of Everything & Why String Theory is Not Even Wrong | Lex Fridman Podcast #246
245,Ww6pfsWmkdY,Tom Brands: Iowa Wrestling | Lex Fridman Podcast #245
244,CDiqA4SJNpA,"Robert Crews: Afghanistan, Taliban, Bin Laden, and War in the Middle East | Lex Fridman Podcast #244"
243,3pvpNKUPbIY,Kevin Systrom: Instagram | Lex Fridman Podcast #243
242,tApj7Q37P2k,Ben Askren: Wrestling and MMA | Lex Fridman Podcast #242
241,U_AREIyd0Fc,"Boris Sofman: Waymo, Cozmo, Self-Driving Cars, and the Future of Robotics | Lex Fridman Podcast #241"
240,xAfdSak2fs8,"Neal Stephenson: Sci-Fi, Space, Aliens, AI, VR & the Future of Humanity | Lex Fridman Podcast #240"
239,xF6x1ftN-H4,"Niall Ferguson: History of Money, Power, War, and Truth | Lex Fridman Podcast #239"
238,mRZE-SJShkE,Francis Collins: National Institutes of Health (NIH) | Lex Fridman Podcast #238
237,a3Wpy6gE4So,Steve Viscelli: Trucking and the Decline of the American Dream | Lex Fridman Podcast #237
236,uy1fX2vOAEE,Jimmy Pedro: Judo and the Forging of Champions | Lex Fridman Podcast #236
235,80OvNaEgmmw,Michael Mina: Rapid COVID Testing | Lex Fridman Podcast #235
234,4-SGpEInX_c,Stephen Wolfram: Complexity and the Fabric of Reality | Lex Fridman Podcast #234
233,3LWNY70Oj4A,"Carl Hart: Heroin, Cocaine, MDMA, Alcohol & the Role of Drugs in Society | Lex Fridman Podcast #233"
232,98HZanvAJ8Y,"Brian Greene: Quantum Gravity, The Big Bang, Aliens, Death, and Meaning | Lex Fridman Podcast #232"
231,kSbMU5CbFM0,"Alex Gladstein: Bitcoin, Authoritarianism, and Human Rights | Lex Fridman Podcast #231"
230,PbN3HzKkW4M,"Kelsi Sheren: War, Artillery, PTSD, and Love | Lex Fridman Podcast #230"
229,YJF01_ztxwY,"Richard Wrangham: Violence, Sex, and Fire in Human Evolution | Lex Fridman Podcast #229"
228,Iau6W5pjy9Y,"RZA: Wu-Tang Clan, Kung Fu, Chess, God, Life, and Death | Lex Fridman Podcast #228"
227,cC1HszE5Hcw,"Sean Kelly: Existentialism, Nihilism, and the Search for Meaning | Lex Fridman Podcast #227"
226,KZnGSVwIpeU,Jo Boaler: How to Learn Math | Lex Fridman Podcast #226
225,EwueqdgIvq4,Jeffrey Shainline: Neuromorphic Computing and Optoelectronic Intelligence | Lex Fridman Podcast #225
224,gFEE3w7F0ww,"Travis Oliphant: NumPy, SciPy, Anaconda, Python & Scientific Programming | Lex Fridman Podcast #224"
223,uiNpESmPioQ,"Travis Stevens: Judo, Olympics, and Mental Toughness | Lex Fridman Podcast #223"
222,Ui38ZzTymDY,Jay McClelland: Neural Networks and the Emergence of Cognition | Lex Fridman Podcast #222
221,3wMKoSRbGVs,Douglas Lenat: Cyc and the Quest to Solve Common Sense Reasoning in AI | Lex Fridman Podcast #221
220,hZenJc1fa70,Niels Jorgensen: New York Firefighters and the Heroes of 9/11 | Lex Fridman Podcast #220
219,EE1R8FYUJm0,"Donald Knuth: Programming, Algorithms, Hard Problems & the Game of Life | Lex Fridman Podcast #219"
218,Fx0G6DHMfXM,"Jaron Lanier: Virtual Reality, Social Media & the Future of Humans and AI | Lex Fridman Podcast #218"
217,nre0QT9LN6w,Rodney Brooks: Robotics | Lex Fridman Podcast #217
216,G433fa01oMU,Vincent Racaniello: Viruses and Vaccines | Lex Fridman Podcast #216
215,U5OD8MjYnOM,"Wojciech Zaremba: OpenAI Codex, GPT-3, Robotics, and the Future of AI | Lex Fridman Podcast #215"
214,TRdL6ZzWBS0,Jed Buchwald: Isaac Newton and the Philosophy of Science | Lex Fridman Podcast #214
213,J48bm21q8_A,Barry Barish: Gravitational Waves and the Most Precise Device Ever Built | Lex Fridman Podcast #213
212,rIpUf-Vy2JA,"Joscha Bach: Nature of Reality, Dreams, and Consciousness | Lex Fridman Podcast #212"
211,oYQh1ZNkC70,Brian Muraresku: The Secret History of Psychedelics | Lex Fridman Podcast #211
210,Hc4XvHTlW3s,Matt Walker: Sleep | Lex Fridman Podcast #210
209,ndMahzDCH1Y,Luís and João Batalha: Fermat's Library and the Art of Studying Papers | Lex Fridman Podcast #209
208,Z1KwkpTUbkg,Jeff Hawkins: The Thousand Brains Theory of Intelligence | Lex Fridman Podcast #208
207,e4Bet29PVPY,Chris Duffin: The Mad Scientist of Strength | Lex Fridman Podcast #207
206,FUS6ceIvUnI,Ishan Misra: Self-Supervised Deep Learning in Computer Vision | Lex Fridman Podcast #206
205,0RTWSJAqTPg,Zach Bitter: Ultramarathon Running | Lex Fridman Podcast #205
204,j4_VyRDOmN4,Cumrun Vafa: String Theory | Lex Fridman Podcast #204
203,ew8U43IXTfk,Anya Fernald: Regenerative Farming and the Art of Cooking Meat | Lex Fridman Podcast #203
202,2tUiLxtrLxk,Rick Doblin: Psychedelics | Lex Fridman Podcast #202
201,tm7poMupE8k,Konstantin Batygin: Planet 9 and the Edge of Our Solar System | Lex Fridman Podcast #201
200,R5rNoV1Qy_Q,Michael Malice: Totalitarianism and Anarchy | Lex Fridman Podcast #200
199,Udh22kuLebg,Roger Reaves: Smuggling Drugs for Pablo Escobar and the Medellin Cartel | Lex Fridman Podcast #199
198,-tDQ74I3Ovs,Sara Walker: The Origin of Life on Earth and Alien Worlds | Lex Fridman Podcast #198
197,n2RcVEftY48,"Jocko Willink: War, Leadership, and Discipline | Lex Fridman Podcast #197"
196,usDqSEKDVsA,Yeonmi Park: North Korea | Lex Fridman Podcast #196
195,CGAvsmokB4c,Clara Sousa-Silva: Searching for Signs of Life on Venus and Other Planets | Lex Fridman Podcast #195
194,TG6BuSjwP4o,"Bret Weinstein: Truth, Science, and Censorship in the Time of a Pandemic | Lex Fridman Podcast #194"
193,cuD9uNFXnU8,Rob Reid: The Existential Threat of Engineered Viruses and Lab Leaks | Lex Fridman Podcast #193
192,FKh8hjJNhWc,Charles Hoskinson: Cardano | Lex Fridman Podcast #192
191,hGRNUw559SE,Daniel Schmachtenberger: Steering Civilization Away from Self-Destruction | Lex Fridman Podcast #191
190,tueAcSiiqYA,Jordan Ellenberg: Mathematics of High-Dimensional Shapes and Geometries | Lex Fridman Podcast #190
189,jhKZIq3SlYE,David Sinclair: Extending the Human Lifespan Beyond 100 Years | Lex Fridman Podcast #189
188,XW0QZmtbjvs,Vitalik Buterin: Ethereum 2.0 | Lex Fridman Podcast #188
187,LDTe8uFqbws,"Frank Wilczek: Physics of Quarks, Dark Matter, Complexity, Life & Aliens | Lex Fridman Podcast #187"
186,1YbcB6b4A2U,Bryan Johnson: Kernel Brain-Computer Interfaces | Lex Fridman Podcast #186
185,4dC_nRYIDZU,"Sam Harris: Consciousness, Free Will, Psychedelics, AI, UFOs, and Meaning | Lex Fridman Podcast #185"
184,85F0FDsPHf8,"Katherine de Kleer: Planets, Moons, Asteroids & Life in Our Solar System | Lex Fridman Podcast #184"
183,6z1JwZbX4dQ,"Po-Shen Loh: Mathematics, Math Olympiad, Combinatorics & Contact Tracing | Lex Fridman Podcast #183"
182,ktuw6Ow4sd0,"John Danaher: The Path to Mastery in Jiu Jitsu, Grappling, Judo, and MMA | Lex Fridman Podcast #182"
181,TPXTmVdlyoc,"Sergey Nazarov: Chainlink, Smart Contracts, and Oracle Networks | Lex Fridman Podcast #181"
180,USnqkUAr_3w,Jeremi Suri: History of American Power | Lex Fridman Podcast #180
179,fIPxfzfOTxk,Georges St-Pierre: The Science of Fighting | Lex Fridman Podcast #179
178,Pl3x4GINtBQ,"Michael Malice and Yaron Brook: Ayn Rand, Human Nature, and Anarchy | Lex Fridman Podcast #178"
177,CY_LEa9xQtg,Risto Miikkulainen: Neuroevolution and Evolutionary Computation | Lex Fridman Podcast #177
176,HrehEWYj16s,Robert Breedlove: Philosophy of Bitcoin from First Principles | Lex Fridman Podcast #176
175,dmVqpx4YOY4,Yannis Pappas: History and Comedy | Lex Fridman Podcast #175
174,7Grseeycor4,Tyler Cowen: Economic Growth & the Fight Against Conformity & Mediocrity | Lex Fridman Podcast #174
173,mDyBbGCiBUU,"Nic Carter: Bitcoin Core Values, Layered Scaling, and Blocksize Debates | Lex Fridman Podcast #173"
172,UOEpe17nPhE,Ryan Schiller: Librex and the Free Exchange of Ideas on College Campuses | Lex Fridman Podcast #172
171,IHg6ixt3CKc,Anthony Pompliano: Bitcoin | Lex Fridman Podcast #171
170,Iuven0crywo,Ronald Sullivan: The Ideal of Justice in the Face of Controversy and Evil | Lex Fridman Podcast #170
169,VHg9sfOzBbY,Ryan Hall: Solving Martial Arts from First Principles | Lex Fridman Podcast #169
168,zNdhgOk4-fE,"Silvio Micali: Cryptocurrency, Blockchain, Algorand, Bitcoin & Ethereum | Lex Fridman Podcast #168"
167,grceJbuPUXI,"Saagar Enjeti: Politics, History, and Power | Lex Fridman Podcast #167"
166,y3Umo_jd5AA,"Cal Newport: Deep Work, Focus, Productivity, Email, and Social Media | Lex Fridman Podcast #166"
165,YJWPowbCK_I,"Josh Barnett: Philosophy of Violence, Power, and the Martial Arts | Lex Fridman #165"
164,ClxRHJPz8aQ,"Andrew Huberman: Sleep, Dreams, Creativity, Fasting, and Neuroplasticity | Lex Fridman Podcast #164"
163,ifX_JnBfxTY,"Eric Weinstein: Difficult Conversations, Freedom of Speech, and Physics | Lex Fridman Podcast #163"
162,G4hL5Om4IJ4,"Jim Keller: The Future of Computing, AI, Life, and Consciousness | Lex Fridman Podcast #162"
161,d2bYwYxqJCM,"Jason Calacanis: Startups, Angel Investing, Capitalism, and Friendship | Lex Fridman Podcast #161"
160,krB0enBeSiE,"Brendan Eich: JavaScript, Firefox, Mozilla, and Brave | Lex Fridman Podcast #160"
159,ziQSpuST6Es,"Richard Craib: WallStreetBets, Numerai, and the Future of Stock Trading | Lex Fridman Podcast #159"
158,QSPtSNqUCUw,Zev Weinstein: The Next Generation of Big Ideas and Brave Minds | Lex Fridman Podcast #158
157,CejJ2aVRUE8,Natalya Bailey: Rocket Engines and Electric Spacecraft Propulsion | Lex Fridman Podcast #157
156,8wYZjOzfTUk,"Tim Dillon: Comedy, Power, Conspiracy Theories, and Freedom | Lex Fridman Podcast #156"
155.5,6ePR2TWYVkI,Lex Fridman: Ask Me Anything - AMA January 2021 | Lex Fridman Podcast
155,RL4j4KPwNGM,Max Tegmark: AI and Physics | Lex Fridman Podcast #155
154,plcc6E-E1uU,"Avi Loeb: Aliens, Black Holes, and the Mystery of the Oumuamua | Lex Fridman Podcast #154"
153,I51DuprOb0o,"Dmitry Korkin: Evolution of Proteins, Viruses, Life, and AI | Lex Fridman Podcast #153"
152,pRzelZlKl7E,"Dan Gable: Olympic Wrestling, Mental Toughness & the Making of Champions | Lex Fridman Podcast #152"
151,yTWa-Z1UQwU,Dan Kokotov: Speech Recognition with AI and Humans | Lex Fridman Podcast #151
150,uykM3NhJbso,"Michael Malice: Freedom, Hope, and Happiness Amidst Chaos | Lex Fridman Podcast #150"
149,iqBh7G4uDR8,"Diana Walsh Pasulka: Aliens, Technology, Religion & the Nature of Belief | Lex Fridman Podcast #149"
148,yzMVEbs8Zz0,Charles Isbell and Michael Littman: Machine Learning and Education | Lex Fridman Podcast #148
147,P6prRXkI5HM,Dmitri Dolgov: Waymo and the Future of Self-Driving Cars | Lex Fridman Podcast #147
146,L-RuvUkcyJI,"Michael Mina: Rapid Testing, Viruses, and the Engineering Mindset | Lex Fridman Podcast #146"
145,ICj8p5jPd3Y,Matthew Johnson: Psychedelics | Lex Fridman Podcast #145
144,c9AbECvRt20,Michael Littman: Reinforcement Learning and the Future of AI | Lex Fridman Podcast #144
143,RvhpncC5jZ8,John Clarke: The Art of Fighting and the Pursuit of Excellence | Lex Fridman Podcast #143
142,bgNzUxyS-kQ,"Manolis Kellis: Meaning of Life, the Universe, and Everything | Lex Fridman Podcast #142"
141,NOReE-3EBhI,"Erik Brynjolfsson: Economics of AI, Social Networks, and Technology | Lex Fridman Podcast #141"
140,S_AFc_BXht4,"Lisa Feldman Barrett: Love, Evolution, and the Human Brain | Lex Fridman Podcast #140"
139,Ktj050DxG7Q,Andrew Huberman: Neuroscience of Optimal Performance | Lex Fridman Podcast #139
138,SOr1YYRljV8,Yaron Brook: Ayn Rand and the Philosophy of Objectivism | Lex Fridman Podcast #138
137,WxfA1OSev4c,"Alex Filippenko: Supernovae, Dark Energy, Aliens & the Expanding Universe | Lex Fridman Podcast #137"
136,-k-ztNsBM54,Dan Carlin: Hardcore History | Lex Fridman Podcast #136
135,LAyZ8IYfGxQ,"Charles Isbell: Computing, Interactive AI, and Race in America | Lex Fridman Podcast #135"
134,o2nG7-eXxko,"Eric Weinstein: On the Nature of Good and Evil, Genius and Madness | Lex Fridman Podcast #134"
133,Aq9UPIXbtKI,Manolis Kellis: Biology of Disease | Lex Fridman Podcast #133
132,_L3gNaAVjQ4,George Hotz: Hacking the Simulation & Learning to Drive with Neural Nets | Lex Fridman Podcast #132
131,nWTvXbQHwWs,Chris Lattner: The Future of Computing and Programming Languages | Lex Fridman Podcast #131
130,nAMjv0NAESM,Scott Aaronson: Computational Complexity and Consciousness | Lex Fridman Podcast #130
129,NbdRIVCBqNI,Lisa Feldman Barrett: Counterintuitive Ideas About How the Brain Works | Lex Fridman Podcast #129
128,BIk1zUy8ehU,"Michael Malice: Anarchy, Democracy, Libertarianism, Love, and Trolling | Lex Fridman Podcast #128"
127,FKCJWkPehdY,"Joe Rogan: Fear, Love, Chaos, and the Joe Rogan Experience | Lex Fridman Podcast #127"
126,IT__Nrr3PNI,"James Gosling: Java, JVM, Emacs, and the Early Days of Computing | Lex Fridman Podcast #126"
125,hhEwWghH_XM,"Ryan Hall: Martial Arts and the Philosophy of Violence, Power, and Grace | Lex Fridman Podcast #125"
124,-t1_ffaFXao,"Stephen Wolfram: Fundamental Theory of Physics, Life, and the Universe | Lex Fridman Podcast #124"
123,t06rkOOUa7g,"Manolis Kellis: Origin of Life, Humans, Ideas, Suffering, and Happiness | Lex Fridman Podcast #123"
122,aB8zcAttP1E,"David Fravor: UFOs, Aliens, Fighter Jets, and Aerospace Engineering | Lex Fridman Podcast #122"
121,_AGPbvCDBCk,Eugenia Kuyda: Friendship with an AI Companion | Lex Fridman Podcast #121
120,PUAdj3w3wO4,François Chollet: Measures of Intelligence | Lex Fridman Podcast #120
119,386s-y1aRRo,David Eagleman: Neuroplasticity and the Livewired Brain | Lex Fridman Podcast #119
118,U_6AYX42gkU,"Grant Sanderson: Math, Manim, Neural Networks & Teaching with 3Blue1Brown | Lex Fridman Podcast #118"
117,qfKyNxfyWbo,Sheldon Solomon: Death and Meaning | Lex Fridman Podcast #117
116,-jA2ABHBc6Y,Sara Seager: Search for Planets and Life Outside Our Solar System | Lex Fridman Podcast #116
115,tg_m_LxxRwM,Dileep George: Brain-Inspired AI | Lex Fridman Podcast #115
114,A22Ej6kb2wo,"Russ Tedrake: Underactuated Robotics, Control, Dynamics and Touch | Lex Fridman Podcast #114"
113,brslF-Cy3HU,Manolis Kellis: Human Genome and Evolutionary Dynamics | Lex Fridman Podcast #113
112,pDSEjaDCtOU,"Ian Hutchinson: Nuclear Fusion, Plasma Physics, and Religion | Lex Fridman Podcast #112"
111,KllCrlfLuzs,Richard Karp: Algorithms and Computational Complexity | Lex Fridman Podcast #111
110,LRYkH-fAVGE,Jitendra Malik: Computer Vision | Lex Fridman Podcast #110
109,O9upVbGSBFo,"Brian Kernighan: UNIX, C, AWK, AMPL, and Go Programming | Lex Fridman Podcast #109"
108,kxi-_TT_-Nc,Sergey Levine: Robotics and Machine Learning | Lex Fridman Podcast #108
107,llh-2pqSGrs,"Peter Singer: Suffering in Humans, Animals, and AI | Lex Fridman Podcast #107"
106,3t06ajvBtl0,"Matt Botvinick: Neuroscience, Psychology, and AI at DeepMind | Lex Fridman Podcast #106"
105,9LQffCdHHlQ,Robert Langer: Edison of Medicine | Lex Fridman Podcast #105
104,naed4C4hfAg,David Patterson: Computer Architecture and Data Storage | Lex Fridman Podcast #104
103,OpSmCKe27WE,Ben Goertzel: Artificial General Intelligence | Lex Fridman Podcast #103
102,PgtedwKGhXs,Steven Pressfield: The War of Art | Lex Fridman Podcast #102
101,P-2P3MSZrBM,Joscha Bach: Artificial Consciousness and the Nature of Reality | Lex Fridman Podcast #101
99,NwzuibY5kUs,Karl Friston: Neuroscience and the Free Energy Principle | Lex Fridman Podcast #99
98,7KTbEn7PiaY,Kate Darling: Social Robotics | Lex Fridman Podcast #98
97,M1-v-dXIzho,Sertac Karaman: Robots That Fly and Robots That Drive | Lex Fridman Podcast #97
96,aYwDs9LTN50,"Stephen Schwarzman: Going Big in Business, Investing, and AI | Lex Fridman Podcast #96"
95,HhY95m-WD_E,Dawn Song: Adversarial Machine Learning and Computer Security | Lex Fridman Podcast #95
94,13CZPWmke6A,Ilya Sutskever: Deep Learning | Lex Fridman Podcast #94
93,xlMTWfkQqbY,Daphne Koller: Biomedicine and Machine Learning | Lex Fridman Podcast #93
92,8A-5gIW0-eI,Harry Cliff: Particle Physics and the Large Hadron Collider | Lex Fridman Podcast #92
91,60KJz1BVTyU,"Jack Dorsey: Square, Cryptocurrency, and Artificial Intelligence | Lex Fridman Podcast #91"
90,CwyOUS8TSl0,Dmitry Korkin: Computational Biology of Coronavirus | Lex Fridman Podcast #90
89,ez773teNFYA,"Stephen Wolfram: Cellular Automata, Computation, and Physics | Lex Fridman Podcast #89"
88,rIAZJNe7YtE,Eric Weinstein: Geometric Unity and the Call for New Ideas & Institutions | Lex Fridman Podcast #88
87,5f-JlzBuUUU,"Richard Dawkins: Evolution, Intelligence, Simulation, and Memes | Lex Fridman Podcast #87"
86,uPUEq8d73JI,"David Silver: AlphaGo, AlphaZero, and Deep Reinforcement Learning | Lex Fridman Podcast #86"
85,orMtwOz6Db0,Roger Penrose: Physics of Consciousness and the Infinite Universe | Lex Fridman Podcast #85
83,rfKiTGj-zeQ,Nick Bostrom: Simulation and Superintelligence | Lex Fridman Podcast #83
82,_TTNGq9djU4,"Simon Sinek: Leadership, Hard Work, Optimism and the Infinite Game | Lex Fridman Podcast #82"
81,iOCfIFBBpVY,Anca Dragan: Human-Robot Interaction and Reward Engineering | Lex Fridman Podcast #81
80,3x1b_S6Qp2Q,"Vitalik Buterin: Ethereum, Cryptocurrency, and the Future of Money | Lex Fridman Podcast #80"
79,WgLo4gmEraU,Lee Smolin: Quantum Gravity and Einstein's Unfinished Revolution | Lex Fridman Podcast #79
78,7jFdxd1qX2g,"Ann Druyan: Cosmos, Carl Sagan, Voyager, and the Beauty of Science | Lex Fridman Podcast #78"
77,gU-mkuMU428,"Alex Garland: Ex Machina, Devs, Annihilation, and the Poetry of Science | Lex Fridman Podcast #77"
76,DKyzcbNr8WE,John Hopfield: Physics View of the Mind and Neurobiology | Lex Fridman Podcast #76
75,E1AxVXt2Gv4,"Marcus Hutter: Universal Artificial Intelligence, AIXI, and AGI | Lex Fridman Podcast #75"
74,EYIKy_FM9x0,"Michael I. Jordan: Machine Learning, Recommender Systems, and Future of AI | Lex Fridman Podcast #74"
73,0jspaMLxBig,"Andrew Ng: Deep Learning, Education, and Real-World AI | Lex Fridman Podcast #73"
72,uX5t8EivCaM,Scott Aaronson: Quantum Computing | Lex Fridman Podcast #72
71,bQa7hpUpMzM,"Vladimir Vapnik: Predicates, Invariants, and the Essence of Intelligence | Lex Fridman Podcast #71"
70,Nb2tebYAaOA,"Jim Keller: Moore's Law, Microprocessors, and First Principles | Lex Fridman Podcast #70"
69,LW59lMvxmY4,David Chalmers: The Hard Problem of Consciousness | Lex Fridman Podcast #69
68,nkWmiNRPU-c,Cristos Goodrow: YouTube Algorithm | Lex Fridman Podcast #68
67,OJQepiqSWvg,"Paul Krugman: Economics of Innovation, Automation, Safety Nets & UBI | Lex Fridman Podcast #67"
66,J21-7AsUcgM,Ayanna Howard: Human-Robot Interaction & Ethics of Safety-Critical Systems | Lex Fridman Podcast #66
65,UwwBG-MbniY,"Daniel Kahneman: Thinking Fast and Slow, Deep Learning, and AI | Lex Fridman Podcast #65"
64,U_lKUK2MCsg,Grant Sanderson: 3Blue1Brown and the Beauty of Mathematics | Lex Fridman Podcast #64
63,oCkkjnpS2f8,"Stephen Kotkin: Stalin, Putin, and the Nature of Power | Lex Fridman Podcast #63"
62,2BdBfsXbST8,"Donald Knuth: Algorithms, Complexity, and The Art of Computer Programming | Lex Fridman Podcast #62"
61,ImKkaeUx1MU,"Melanie Mitchell: Concepts, Analogies, Common Sense & Future of AI | Lex Fridman Podcast #61"
60,IUHkhB366tE,"Jim Gates: Supersymmetry, String Theory and Proving Einstein Right | Lex Fridman Podcast #60"
59,ZPPAOakITeQ,"Sebastian Thrun: Flying Cars, Autonomous Vehicles, and Education | Lex Fridman Podcast #59"
58,3qMemn__kK8,Michael Stevens: Vsauce | Lex Fridman Podcast #58
57,Ad89JYS-uZM,Rohit Prasad: Amazon Alexa and Conversational AI | Lex Fridman Podcast #57
56,pEBI0vF45ic,"Judea Pearl: Causal Reasoning, Counterfactuals, and the Path to AGI | Lex Fridman Podcast #56"
55,0-3kw5BEKB8,"Whitney Cummings: Comedy, Robotics, Neurology, and Love | Lex Fridman Podcast #55"
54,M95m2EFb7IQ,"Ray Dalio: Principles, the Economic Machine, AI & the Arc of Life | Lex Fridman Podcast #54"
53,cMscNuSUy0I,"Noam Chomsky: Language, Cognition, and Deep Learning | Lex Fridman Podcast #53"
52,lEZPfmGCEk0,"Gilbert Strang: Linear Algebra, Teaching, and MIT OpenCourseWare | Lex Fridman Podcast #52"
51,2fI6bYnRgSc,"Dava Newman: Space Exploration, Space Suits, and Life on Mars | Lex Fridman Podcast #51"
50,AzdxbzHtjgs,"Michael Kearns: Algorithmic Fairness, Privacy & Ethics | Lex Fridman Podcast #50"
49,smK9dgdTl40,"Elon Musk: Neuralink, AI, Autopilot, and the Pale Blue Dot | Lex Fridman Podcast #49"
48,uTxRF5ag27A,Bjarne Stroustrup: C++ | Lex Fridman Podcast #48
47,iNqqOLscOBY,Sean Carroll: Quantum Mechanics and the Many-Worlds Interpretation | Lex Fridman Podcast #47
46,8RVa0THWUWw,"Garry Kasparov: Chess, Deep Blue, AI, and Putin | Lex Fridman Podcast #46"
45,kD5yc1LQrpQ,"Michio Kaku: Future of Humans, Aliens, Space Travel & Physics | Lex Fridman Podcast #45"
44,Whtt2H5_isM,"David Ferrucci: IBM Watson, Jeopardy & Deep Conversations with AI | Lex Fridman Podcast #44"
43,vNOTDn3D_RI,Gary Marcus: Toward a Hybrid of Deep Learning and Symbolic AI | Lex Fridman Podcast #43
42,_VPxEcT_Adc,Peter Norvig: Artificial Intelligence: A Modern Approach | Lex Fridman Podcast #42
41,s78hvV3QLUE,"Leonard Susskind: Quantum Mechanics, String Theory and Black Holes | Lex Fridman Podcast #41"
40,x0-zGdlpTeg,Regina Barzilay: Deep Learning for Cancer Diagnosis and Treatment | Lex Fridman Podcast #40
39,1d9Dj9dT_pw,Colin Angle: iRobot CEO | Lex Fridman Podcast #39
38,Bo8MY4JpiXE,"François Chollet: Keras, Deep Learning, and the Progress of AI | Lex Fridman Podcast #38"
37,HYsLTNXMl1Q,Vijay Kumar: Flying Robots | Lex Fridman Podcast #37
36,SGSOCuByo24,"Yann LeCun: Deep Learning, ConvNets, and Self-Supervised Learning | Lex Fridman Podcast #36"
35,J6XcP4JOHmk,Jeremy Howard: fast.ai Deep Learning Courses and Research | Lex Fridman Podcast #35
34,i6rnzk8VU24,Pamela McCorduck: Machines Who Think and the Early Days of AI | Lex Fridman Podcast #34
33,anXep8kBOCg,Keoki Jackson: Lockheed Martin | Lex Fridman Podcast #33
32,lVHRs3uTHNI,Paola Arlotta: Brain Development from Stem Cell to Organoid | Lex Fridman Podcast #32
31,iwcYp-XT7UI,"George Hotz: Comma.ai, OpenPilot, and Autonomous Vehicles | Lex Fridman Podcast #31"
30,QDN6xvhAw94,Kevin Scott: Microsoft CTO | Lex Fridman Podcast #30
29,v-9Mpe7NhkM,Gustav Soderstrom: Spotify | Lex Fridman Podcast #29
28,Tj6NOfdfa4o,"Chris Urmson: Self-Driving Cars at Aurora, Google, CMU, and DARPA | Lex Fridman Podcast #28"
27,cQ48rP_Rs4g,Kai-Fu Lee: AI Superpowers - China and Silicon Valley | Lex Fridman Podcast #27
26,l-NJrvyRo0c,"Sean Carroll: The Nature of the Universe, Life, and Intelligence | Lex Fridman Podcast #26"
25,-EVqrDlAqYo,Jeff Hawkins: Thousand Brains Theory of Intelligence | Lex Fridman Podcast #25
24,kq0VO1FqE6I,"Rosalind Picard: Affective Computing, Emotion, Privacy, and Health | Lex Fridman Podcast #24"
23,q0mokx-iiws,Gavin Miller: Adobe Research | Lex Fridman Podcast #23
22,NERNE4UThHU,Rajat Monga: TensorFlow | Lex Fridman Podcast #22
21,yCd3CzGSte8,"Chris Lattner: Compilers, LLVM, Swift, TPU, and ML Accelerators | Lex Fridman Podcast #21"
20,Kedt2or9xlo,"Oriol Vinyals: DeepMind AlphaStar, StarCraft, and Language | Lex Fridman Podcast #20"
19,Z6rxFNMGdn0,Ian Goodfellow: Generative Adversarial Networks (GANs) | Lex Fridman Podcast #19
18,dEv99vxKjVI,Elon Musk: Tesla Autopilot | Lex Fridman Podcast #18
17,bIrEM2FbOLU,Greg Brockman: OpenAI and AGI | Lex Fridman Podcast #17
16,2wq9x2QcZN0,"Eric Weinstein: Revolutionary Ideas in Science, Math, and Society | Lex Fridman Podcast #16"
15,Er7Dy8rvqOc,"Leslie Kaelbling: Reinforcement Learning, Planning, and Robotics | Lex Fridman Podcast #15"
14,YUYagvESisE,Kyle Vogt: Cruise Automation | Lex Fridman Podcast #14
13,aSyZvBrPAyk,"Tomaso Poggio: Brains, Minds, and Machines | Lex Fridman Podcast #13"
12,b7bStIQovcY,Tuomas Sandholm: Poker and Game Theory | Lex Fridman Podcast #12
11,3FIo6evmweo,"Juergen Schmidhuber: Godel Machines, Meta-Learning, and LSTMs | Lex Fridman Podcast #11"
